Kategori,Pesan,Kategori_NusaGuard
ham,Iya ih ko sedih sih gtau kapan lg ke bandung :(,Aman
ham,Kalau mau bikin model/controller mending per apa y?,Aman
ham,Selamat nama1. Semoga selalu menempuh hidup yang bahagia dan selalu menyenangkan,Aman
ham,silahkan berkas dambil di ruang saya,Aman
ham,Selamat ulang tahun semoga panjang umur dan sehat selalu,Aman
ham,Kartu SIM Anda telah berhasil diganti. Terima kasih,Aman
ham,"nama1 dmna ? boleh mnta tolong ss dong bisns proses nya,,,,,",Aman
ham,Terimakasih. Paket 60 mb Anda telah aktif. Cek bonus *889#. Katalog Poin lengkap tsel.me/telkomselpoin. S&K berlaku,Aman
ham,.sambl nunggu itu.. Gimana kalo ngerjain form formnya aja dulu,Aman
ham,Nomor OTP anda adalah [8874] -Telkomsel-,Aman
ham,Aku mau nyari data yang dibutuhin dari tabel mana aja.,Aman
ham,Assalamualaikum Pak. Ini dg nama1 ilkom 2012. Maaf Pak td saya ninggalin proposal di meja Bapak di atas printer. Terima kasih Pak.,Aman
ham,"Yooo sama2, oke nanti aku umumin di grup kelas",Aman
ham,"udah di benerin, kamu jangan sync dulu. backup filenya baru sync terus push dengan file kamu.",Aman
ham,Ga ada birthday nya? Wkwk,Aman
ham,Jauh amat jemput di poskamling cilimus dee,Aman
ham,"[Akademik] Untuk perhatian tuk jadwal kontrak kuliah buat ang 2012 itu bukan sebenarny, kuliah ikut jadwal kur yg baru ang 2013 ato keatas 2014,2015,2016.. sehingga jadwal yg ada adalah jadwal bayangan tuk tujuan kontrak kuliah..Hal diatas ga berlaku tuk mk yg memang berjalan di ang kalian spt skripsi dan sidang..demikian harap diperhatikan..",Aman
ham,Bu maaf saya lupa sekarang hari jumat ya...kalau jumat kita buka jam 1 bu...mau solat jumat dulu...maaf di dari upi ya,Aman
ham,"Ini hujan semalaman ruang tengah sama kamar kayanya gabisa di nyalain (:() harus nunggu kering baru bisa nyala, smg ujannya berenti 🙏",Aman
ham,"Nikah juga proses put, kadang diatas, kadang dibawah, gak selalu enak enak wkwkwkwk",Aman
ham,Jam 8 berangkat aja gmn teh,Aman
ham,Kalo pake daging yg dah direbus enak gak dijadiin sate?,Aman
ham,"Pas sma gak pernah, tp kuliah disini org tua aku udah 2x pulang kampung",Aman
ham,Oke deh aku jg emang pengen ngumpul sih kapan lg :(,Aman
ham,Jgn lupa malam ini jgn terlalu malam aja. Seadanya aja aku jg,Aman
ham,Pada ga aktif si tombol algoritma2 nya teh ga ngerti,Aman
ham,nama1 itu msh pake db aku yg lama itu msh anomali bisa nyesuain ga,Aman
ham,Gimana nuy menghadapi beliau?,Aman
ham,Hmm sebenernya itu cuman eksekusi jquery di control sep. Coba cek jquery yg dicotroller waktu klik button. Kan ke controller yg buat nyetak pdf,Aman
ham,Masak dikosan aku mau makan orek buatan kamu min,Aman
ham,"Sama ingetin ya, ini kan web nya mau di publish, kita kan ikut develop tuh, nah di web nya ada nama kita atau jurusan ga?",Aman
ham,Mul snack satu lagi teteh kasih rafael ya,Aman
ham,"Struktur Data, PLA, Skripsi, dan Sidang",Aman
ham,"Saya buat banyak seri untuk PG, oleh karena itu jangan terlalu berharap bisa lihat punya teman (mungkin ini penyebab nilai PG jeblok kemarin?), waktunya akan terbatas dan ruangannya kita pake yg besar.",Aman
ham,"Baik Pak, bsk sekalian kami bawa form penilaian ya Pak, dan berkas lainnya.",Aman
ham,Iya kan file terkahir itu data_pasien. -_-,Aman
ham,nama1 bisa pakai flash buat animasi ga?? Atau pakai movie maker??,Aman
ham,Ada diruangan nya tadi,Aman
ham,Kalo grup c1 aku jarang baca haha jd suka ketinggalan kabar berita,Aman
ham,"Boleh bu, kalau ada yang bakal pindah bulan itu. Kalau tidak keberatan bisa kabarin Bu. Terima kasih.",Aman
ham,Cukup alquran sbgai pedoman bagi org2 yg beriman.,Aman
ham,"Murah nuy 30seorang, drpd naik angkot bisa 15rebu, belum ngetem, macet, gt",Aman
ham,"Tp aku gak tertarik gt sih diperusahaan itu, org it nya baru satu",Aman
ham,Wihh nyimper kopernya dmn? Motor gigi kan?,Aman
ham,Besok dwm jadi ya praktikum weka. Bawa laptop.,Aman
ham,Gais aku sudah brgkt. Mau matiin hp,Aman
ham,Pagi bu saya dengan nama1 dari Bebek Komar ...sangat bisa bu untuk pesanan besok bu...menu yang di pesan apa ya bu...diantar ke mana ya...nuhun,Aman
ham,Memperbaiki bug2 karna ganti db bbrp. Lg enak nonton td ditelfon 😂,Aman
ham,"Selamat sore Pak, besok kami bisa ke kantor jam brp Pak?",Aman
ham,Gaaais penamaannya kyk nama1 nih biar rapih,Aman
ham,Jumlah poin Anda s.d tgl 16/08/16 : 18 poin. Anda termasuk dalam kategori RED. Masa berlaku poin s.d 31 Des 2016,Aman
ham,Oh oke de. kalau selanjutnya isi deposit transfer kmn?,Aman
ham,"penuh nama1 , si nama1 juga nyari, udh penuh..",Aman
ham,"nama1, note nama1 yang Dinamic ada di emil. Kembaliin ke nama1 atau gmana?",Aman
ham,"nama1 bisa lembar yg kamrin bisa minta ke pak anto. Tp ibu minta yg di bab 2 harus diparafrase kalimatnya, jgn copy paste semua.",Aman
ham,"Iya, semua kamera kecuali kamera lia aku taro di situ semua",Aman
ham,Tp baru tau teori doang sih...... Da blm ngerasain yg rumit2,Aman
ham,"persiapkan dengan dokumen draftnya diambil di ruang saya, slide presentasi tuk pengujian..",Aman
ham,Ini ini udh disini mau apa aku gorengin,Aman
ham,Ada yg tau ruangan pak daya yg di fpmipa b?,Aman
ham,Ini kalo kita lg beneran ngumpul pasti lg mewek berjamaah,Aman
ham,Soalnya ini fitutnya lebih lengkap.,Aman
ham,"Soalnya aku pernah ujug2 dtng, terus bapak nya bilang kalau mau bimbingan bls wa ya, biar saya bisa estimasi waktu, gitu",Aman
ham,nama1 kemaren kamera dan handycam waktu msceis pake kamera siapa aj?,Aman
ham,"Bentar lg ke gik, buru2 ga? Kalo buru2 nitip yg ngontrak ipc aj",Aman
ham,Paket tadi sore mendadak habis.,Aman
ham,"yaudah, minta data dummy untuk diagnosa_pasien dong",Aman
ham,Iya put alat masak makan mah aku usahain ada,Aman
ham,"Wkwk tumben kar biasanya masing2 punya sendiri kar, sampe yg sewarna ada 3",Aman
ham,emang berbayar nama1 .,Aman
ham,Padahal mau kesana tapi kyknya nama1 belum balik,Aman
ham,"Isi saldo nya bisa di grapari, indomaret, ato di tf dari bca",Aman
ham,oke. bentar aku solat dulu,Aman
ham,"Ada yg nikah muda, ada yg gagal nikah, ada yg pacaran lama eh putus tapi alesannya karna terlalu sayang jd gak mau nyakitin (pret), ada yg jagain jodoh org, ada yg ah banyak lah wkwk",Aman
ham,Iya liat mock up nya maksudnya,Aman
ham,Kok antara optimis dan ngga yah 😟,Aman
ham,"Alhamdullilah sudah beres semua :) Bagi yang mau keluar dari group dipersilahkan, tapi silahkan juga kalau ada yg mau memanfaatkan group ini untuk diskusi dengan topik terkait untuk skripsi/gemastik/kerjaan.",Aman
ham,"Ayam aja Pak, terus satu paket itu sama isinya ap aja?",Aman
ham,Aku depan pasca skrng,Aman
ham,Guys aku gabawa beras yaaa. Abis dr pasar beli itu berat bgt. Yg bisa bawa beras lebih mohon dilebihkan hehe,Aman
ham,Besok siang ya jam 2,Aman
ham,"Wooh ada yg mau nikah lagi, udah lulus langsung diiket",Aman
ham,Besok yuk dua jam bih dari jam 4-6,Aman
ham,Abis maghrib yaa,Aman
ham,"Assalamu'alaikum, nama1 mau minta bantuan.",Aman
ham,Yang sinonim bukan?,Aman
ham,"Eh gatau, td Bagus yang nanyain",Aman
ham,Jd mau kpnnnih? Kekantor ambil form. Balik lg ngasih laporan atau sekaligus. Jd di laporan ga ada lampiran,Aman
ham,"Yg butuh kosan perbulan bisa langsung ditempatin. Lokasi di gang samping gokana setiabudi, khusus cewe jam bebas, bersih, fasilitas kasur sama lemari kunci pegang masing2. Harga 725/bulan. Bisa hub #### id line: titaniadbl",Aman
ham,Eh aku instances deh. Diload ga bs,Aman
ham,Semoga Allah bersama kita Semua.,Aman
ham,Ouhhh trs ngedeteksi apa dil? Output nya apa?,Aman
ham,Boleh nitip coklat ke alhuda?,Aman
ham,"sok saya bebas gmna kalian, bsok hayu , jumat oke",Aman
ham,Tunggu aja dulu di lobi bawah kalo saya belum datang ya...,Aman
ham,itu yang tugas pentaho langsung presentasi di pentaho nya ?,Aman
ham,"Plg yth, paket 10 MB 1 hari Anda telah berakhir. Selanjutnya akan dikenakan tarif non paket.Aktifkan kembali paket Flash Anda di *363#",Aman
ham,"Aku kumpul pon dulu dy, kalo haris kerjanya dari sore mo pacaran dulu dy",Aman
ham,Assalamu'alaikum wr wb. Berikut daftar penguji PLA tahap 4,Aman
ham,"gak. saya sih percaya aja, dosa tanggung sendiri hehe. Nilai mobprog sudah selesai, silahkan dicek.",Aman
ham,Terimakasih telah melakukan pengisian ulang dgn SN 41000795569091 senilai 20000.,Aman
ham,Ya ampuun pak jendral wk,Aman
ham,Aku jg di rumah lg ga ada apa2 gara2 kulkas rusak :( biasanya suka nyetok sayur,Aman
ham,Maaf kaprodi kita itu siapa yah hehe,Aman
ham,"iya, makanya aku butuh data kalian teh soalnya datanya dari sana. tapi harus ada RJ atau RD.",Aman
ham,Okeee kalau telor butuhnya segimana?,Aman
ham,"oh, kelurahan dll dari data_pasien ternyata. butuh oge.",Aman
ham,Mohon maaf lahir dan batin ipa3😚😚,Aman
ham,"Oke nama1, nanti udah beres bimbingan aku kesana",Aman
ham,"Cobaan itu teh dy, kadang cewe mah overthink dan overreact",Aman
ham,"[INFO PLA]Assalam..Bagi yg ambil mk pla wajib kumpul pada hari/tgl kamis,25 agustus 2016 pukul 10.00 WIBB..Agenda: pembekalan dan penjelasan PLA.Tempat : Gdg JICA lt.3 R.S301.Demikian informasiny..harap diperhatikan d disebarkan",Aman
ham,ouhhh gitu yaudah ntar besok aku chat lagi kalo aku mo ngampus,Aman
ham,Taqoballahu Minna waminkum. #SelamatMenyambutKemenangan,Aman
ham,Iya aku inget jam dinding di rumah awet katanya hadiah pernikahan ❤,Aman
ham,"Jadinya mau apa sok, sebagian dari uang kas? Kira2 berapa?",Aman
ham,Beli es kelapa depan d besto teh,Aman
ham,"Aku ingin pagi, tp masa berdua nama1 doang pake grab :( nunggu nama1 siang :(",Aman
ham,Gaada buat yg bukan temen mah,Aman
ham,Usul: Anak sospol dan yg berminat turun deh. Pelajari ttg ini,Aman
ham,Tp klo jd mmber mh bsa lbh murah dil,Aman
ham,"Selamat pagi pak, untuk data table yg dibutuhkan sudah saya email. Apakah email saya msk Pak?",Aman
ham,"Pusatnya disitu dy di bandung pasir koja, cmn bangunan lg dibangun, jd td aku di interview di toko nya, toko bangunan",Aman
ham,"Patah hatinya level tinggi, jd bisa quotes begitu put",Aman
ham,Kalau gamepro uasnya materi atau praktek Pak?,Aman
ham,Senin mah pelepasan doang kan? Aku brngktnya selasa apa egi senin berangktnya?,Aman
ham,Jam brp brpnya bsk kabarin kalau ngumpul sore ini bisa yaaaa,Aman
ham,Geng hari ini mau jam brpa ? Respon yah...,Aman
ham,Bali mah kudu berapa atuh duitnya,Aman
ham,"Selain dicetak, rundown jg dkrm ke email di nama1 nuhun. Dtgu d prodi sampai 4.30. Dipercepat 30 menit.",Aman
ham,"Btw magicomnya yg sedang Gais, gaada yg gede",Aman
ham,Oke kalau untuk dp harus berapa%?,Aman
ham,"Ibunya lagi bobok, aku mau nanya ttg daging, kalo ada daging mau di presto dulu juga",Aman
ham,Harganya kisaran 50rb nama1 😂,Aman
ham,"Sama ini, misal ini web di pake dan dapet komisi tuh, nah kita kecipratan ga? Nanya aja, hehe. Da gapapa meren nanya gitu. Engga kecipratan juga hapapa, tapi seengganya di web nya ada.",Aman
ham,"Tadi udah bertemu beliau pa. Kata beliau, pengujiannya bisanga besok pa.",Aman
ham,kalo aku ngasihinnya habis ashar aja gpp ?,Aman
ham,hmmm tiket ke batam berapa duit gile~,Aman
ham,"Maaf, pesan Anda belum terkirim. Silakan coba beberapa saat lagi. Terimakasih",Aman
ham,"route nya matiin aja, jadi nanti kalau mau akses ke project masing-masing ditembak aja.",Aman
ham,"nama1 jg text dy, text essay jawaban gt Jd misal nih ada murid sama guru, si guru ngasih ujian, nanti hasil jawaban ujian murid dibandingin sama jawaban dari guru (jawaban yg bener) trs outputnya berupa skor hasil ujian itu",Aman
ham,Ajakin ke soekarno hatta aja nama1 . Makan di eatboss soekarno hatta wkwkw,Aman
ham,Aduh aku ge ini pusing yg mau lamaran siapa yg nyari2 kebutuhan siapa,Aman
ham,"habis ini, pake groupwhere. biar ga berceceran filenya.",Aman
ham,nama1 ntr aku ke kosan kamu yaaaaa,Aman
ham,biasana sih pak nama1 sampe jam 12 kan di kampus?,Aman
ham,"bagi yang sudah diuji segera diserahkan dgn dijilid, bagi yg sdg nunggu diuji sabar tuk sesuaikan waktupenguji..",Aman
ham,Mah melan lagi di kosan dila. Habis kerja kelompok tapi kepegat hujan :(,Aman
ham,Ntar aku kirim link nya,Aman
ham,"nama1 udh nama1 transfer, maacih nur 😊",Aman
ham,Kumpul dulu aja di lab basdat biar bareng2,Aman
ham,"Oke, Senin deh ya ke kantor. Aku sms bapa. Laporan nyusul aja gt mengingat di laporan jg ada lampiran dan revisi penguji*",Aman
ham,Hari kamis saya baru masuk,Aman
ham,"Lebay gt katanya ""meni gitu ama mamanya teh gak blg2""",Aman
ham,Makanya sebelum tibatiba layarnya hitam gt diapain? Jatoh?,Aman
ham,Minta email github nya dong.,Aman
ham,Kalo mau masak bawa bahannya dr rumah masing2 biar irit wkwk,Aman
ham,"Hbd nama1 , cepet sidang cepet wisuda yaaa aamiiiin",Aman
ham,"ok,, kabarin yah, no m3 aku ke blokir, ga ada paket data, smsin aja ke asmul ya, ini kbtulan lagi free wife",Aman
ham,Ka aku ga bisa liat kosannya skrg :( soalnya ngerjain uts take home ka,Aman
ham,"Selamat utk teman2 yg wisuda, semoga berkah ilmunya dan dilancarkan urusan kedepannya.. sukses terus buat kt semua :)",Aman
ham,Gampang da cuma tampilan doang.,Aman
ham,Traveloka.com: Your e-ticket summary 25-07-2016/15:30/XPRESS XN-738/PDG-BDO/DZZZZ Total: 1 passenger(s),Aman
ham,Berarti saya ke palasari nya skrg .. abis itu langsung ke gik,Aman
ham,Kalo daftar doang tapi belum tentu jadi prasidang boleh ga?,Aman
ham,Kalau 13.5 itu untuk ayam kremes dan cabai ijo teh...kalau untuk bakar dan rica rica kita kasih 15rb deh ...sudah pakai box dan air gelas,Aman
ham,Sundae min sirup kiwi pake cochochips :*,Aman
ham,Iyaaa makanan bumbu dsb juga biar bisa dibawa dr rumah supaya irit hehehe,Aman
ham,Aku senin udah ke tempat kerja. Minggu2 depan aku gaktau bisa/ngga :(,Aman
ham,Boleh yang di depan ramen aa gpp jam 12.39 ya,Aman
ham,"Ada nama1 . Tpi gatau msh berfungsi atau engga, udh lama ga dipake sih",Aman
ham,Ada yang 400 rb yang kamar mandinya sama2 kalau yang ada kamar mandi di dalam kalau yang kecil 600 dan yang agak besar 700 rb,Aman
ham,"Belum diuji, pa. Insya Allah siang hari ini mau ke kampus, dan mudah2an pa eka nya ada.",Aman
ham,"Jajaran kantin 79 kesana deket2 pengkolan pokoknya kang, ada tulisanya da",Aman
ham,Hub kita lg kalo udah dkt wktnya.,Aman
ham,Kalau pertable emg lbh rapih laporan sih mad cuman bingung kalau pertable kdgkan ada yg dipake didr bbrp table gmn tuh mad?,Aman
ham,Maaf bu kalau pesanannya bebek atau ayam ya,Aman
ham,"Selamat sore teh, ini dg nama1 lg nyari kosan perbulan. Apakah ada yg kosong teh disana? Terima kasih.",Aman
ham,sekalian liburannya ke malaysia juga wkwk,Aman
ham,22nya mad. Aku bingung bkn laporannya 😂,Aman
ham,Masih ngerasa bersalah ama kalian sebenernya,Aman
ham,"wah repot kalo asumsinya gitu, kadang ada yg ganti kelompok. biasakan setiap dokumen itu ada nama, klau saya print lalu saya periksanya offline bingung kan mau dimasukkan ke mana kalau gak ada nama satupun.",Aman
ham,Soalnya bapa mau liat database secara keseluruhan.,Aman
ham,nama1 ke pt. inti?,Aman
ham,Paspor di perpanjang bayar nya brp nuy?,Aman
ham,"bulan depan ada daging sapi, mau dibakar dmna ? d pantai atau d rumah nama1 ?",Aman
ham,"Udah di beres2in, tp lampu depannya ada yg mati kl gasalah",Aman
ham,Ayam kita menunya banyak bu...ada ayam bakar.kremes. cabe ijo. Lada hitam. Asam manis. Rica rica. Baberque. Untuk isinya nasi.ayam.lalapan.sambal. tempe tahu . air mineral gelas. Bu...maaf bu kita ada paket yang 16rb s/d 19rb. Kalau boleh tau anggaran ibu berapa ya,Aman
ham,"Kumpulnya makan daging, jadi gak usah ke resto :D",Aman
ham,Tp berapa lama lagi ya Pak?,Aman
ham,"nama1 titip pesan, jumat pagi kita kumpul trus bapa minta tolong ke kita buat bareng2 bujuk nama1 kuliah lagi",Aman
ham,Asal pagi pagi ya.. Bjam 10an saya sudah ke jakarta..,Aman
ham,"Aku jg waktu itu foto tgl 17 juli, katanya selesai 29 agustus :(",Aman
ham,Sekalian aku mau nanya alur dari rawat inap ke lab sama radiologi. Kalau obat kan ga ada yang ngolah.,Aman
ham,Diagnosa mana? Di pasien_irj ga ada diagnosa,Aman
ham,Saat2 terbaik mencari pasangan tuh pas kuliah bukan sih? Apa enak ditempat kerja?,Aman
ham,"Guys, untuk groupwherenya pake github aja ya",Aman
ham,Okeyyy malem aja ya bahas apa ajanya yg dibawa,Aman
ham,Minggunya pengen ke lembang git seharian ngubek bandung :(,Aman
ham,"InsyaaAllah ikhlas mel, asa udah di bahas digrup kan, Trs yg responnya gt",Aman
ham,Min kalo ada inpo kosan perbulan share ya 😆,Aman
ham,kalo ngga besok ke kampus senin nama1 ke kampus nya,Aman
ham,Semangat!! Aku jg nanti bunganya aku titipin ya. Eh mau bunga atau makanan wid?,Aman
ham,Blm mad ntr sore td udh ktmu,Aman
ham,Udah aa aa semua sih. Makan mah sama cewek2. Lupa ih mukanya dy aku gak bisa nginget wajah hahaha,Aman
ham,Jadi kapan kita meet upnyaa nih temaan temaan?,Aman
ham,"Baik Pak, berarti nanti Kamis kami ke kantor lagi",Aman
ham,Pak kalau seporsi berapa ya ?,Aman
ham,Ada nya instagram,Aman
ham,"pesan dari nama1 : Assalamu'alaikum wr.wb. Pak, Indonesia Android Kejar bekerjasama dengan Depilkom mau mengadakan pelatihan Android level intermediate, masih ada slot 2 orang lagi, syaratnya sudah pernah membuat app android dan ngebuild menggunakan Android Studio, barang kali di kelas Bapak ada yang berminat. Nuhun.o ya pelatihannya mulai hari sabtu besok, 2 April, setiap sabtu selama 7 pertemuan, bertempat di lab praktikum kita.",Aman
ham,"Ada sih yg nikah muda tp (keliatan) bahagia, tp one of a million kayaknya kalo temen2 ku hmm",Aman
ham,"punten, ada yang punya kontaknya teh lulu 2011? nuhuun~",Aman
ham,Baru ngeh chatnya maafkan (maaf),Aman
ham,"selisihnya brp? sesuai janji saya sbelumhya, bagi yg nilainya diperbatasan saya akan cek kehadiran. Tapi kalau jauh ya gak bisa :) nanti gak ada habisnya turun terus.",Aman
ham,Hehe sudah sep ku jebol pake solder tp jd jelek 😂😂,Aman
ham,Sebenernya di nama1 gada bulanan setau aku. Cuma aku dikasih izin aja sama ibu gitu. Kalau aku lanjut aku bayar 6jt,Aman
ham,"Semau-maunya kita ama orang, gak bakal jadi kalau gak jodoh. Segeleh-gelehnya pasti bakal nikah kalopun jodoh",Aman
ham,"Assalamualaikum Bu. Saya nama1 mhsi ilkom 2012 baru dpt pembimbing skripsi. Mohon maaf bu, kalau minggu ini ada di kampus hari ap aj Bu? Terima kasih.",Aman
ham,Mandi?? Aku selesei isya mau bobo,Aman
ham,Scroll up down olshop nama1,Aman
ham,Wah iya dy?haha sabar bgt anaknya teh jd we aku yg gtau diri ngomong seenaknya :(,Aman
ham,Blm aku cek min mau apa? Kalau penting bgt nanti aku gedorin,Aman
ham,Boleh minta alamat nya kalo dari gang softball kmna gtu,Aman
ham,Lingkungan kerjanya berasap. Kalo gak ngerokok ya pada nge-vape gitu coba. Kan cowok semua banyaknya,Aman
ham,Merica jeruk nipis aku ajaa,Aman
ham,Tersrrah aja. Pagi juga nggak pa2,Aman
ham,Mgkin periksa nama id di view jg sep,Aman
ham,"bebas nama1, terus nanti kalau ada tgl libur, pajuin aja misal jadi kamis atau sabtu.",Aman
ham,Gais sekalian tanyain Pla ap aja yg diminta dr tempat pla setelah selesai selain nilai dr kampus? Ada surat2 lain ga.,Aman
ham,Lagian pasti ga boleh gera sma si kaka tp kalo dianterin aku ga enak,Aman
ham,Kalo udah ad progres besok aja jam 2an kesini..,Aman
ham,Kalo satpam tanya bilang aja ketemu saya,Aman
ham,Gara gara batman. Pdhl udh diulang,Aman
ham,"Jangan di agendain, suka ga jadi wkwkwk",Aman
ham,"Pokonya kalau ada yang mau push bilang aja usahain, bisi barengan push nya. Terus kalau push, pull dulu.",Aman
ham,"Atau gaperlu ke kampus nama1 , tolong kirimin kuncinya aja make jne cenah ip",Aman
ham,Nanti aku siaraan diil,Aman
ham,"Jika jemari tak mampu berjabat dan batin ini rindu akan keikhlasan maaf, hanya lewat pesan ini jemariku bersilaturahmi. Mohon maaf lahir dan batin",Aman
ham,Nanti sync aja di github dekstop nya.,Aman
ham,pada ngampus jamber gais?,Aman
ham,Udh teh kata bapa bsk kekantor cuman blm dbls lg jamber.. jd blm pasti jg,Aman
ham,Temen * yg lain bisa juga ya di undang ke grup ini,Aman
ham,"Hayu boleh da gais, tp kudu disurvey dulu sama aku, bisi tiba2 ada something wkwk",Aman
ham,ok. minta yang data dummy diagnosa_pasien ya. punten. makasih,Aman
ham,"Atuhlah, aku telah meninggalkan yg nyaah, jgn gitulah gais, bisi teringat masa lalu 😢",Aman
ham,Guys numpang promosi bisi ada yg butuh.. Dijual MacBook Air Layar 11inch Ram 4gb Ssd 128gb Garansi sisa 5 bulan Dijual karena jarang di pake.. Harga PM,Aman
ham,nama1 maapin baru buka line,Aman
ham,Kalau ini gagal. Urg pindah haluan ke sana deh,Aman
ham,Oo kalau kamu misalnya lanjut brp dit?,Aman
ham,"Alhamdulillah, makasih yaaa udah meluangkan waktu 😘",Aman
ham,Eh kita brati kan makan 2 kali ya?malem ini sma bsok pagi bukan?,Aman
ham,Bisi ga enak ga bantuin beberes ato masak2nya :(,Aman
ham,Data_pasien itu no_medrec sdgkn daftar ulang itu pake no_register karna field yg akan diisi saat daftar ulang beda maka tablenya beda,Aman
ham,"Pak, indeks nilai B gabisa diturunin lagi pak? Soalnya kemaren saya liat nilai udah B, terus tiba2 turun jadi B- karena penilaiannya pake + -",Aman
ham,Besok kekantor saya tunggu jam 9 ya..,Aman
ham,"Saya blm dpt ttd nama1. Paling kalian duluan aja, saya nyusul sendiri nanti.",Aman
ham,"Saya ijin undur diri, kalau ada kepentingan mangga di japri saja. Terima kasih (middle eastern woman)",Aman
ham,"Ada mba, harganya 1,6jt/bln. Fasilitasnya air hangat, kamar mandi dalam, tv, tv kabel, wifi, meja, tempat tdr, dan lemari.",Aman
ham,Maaf bu jadi jam berapa ya kita ketemuan bu...atau bgmana baiknya,Aman
ham,"Aku mah sering ditinggal jualan, jd mau marah juga ntar alesannya ""duit kan buat km juga"", diem lgsg haha",Aman
ham,Maaf Anda tidak bisa mengaktifkan paket FLASH ini karena nomor anda tidak terdaftar,Aman
ham,Di kfc belokan setiabudi bawah pom bensin ada colokan gak sih?,Aman
ham,"nama1 aku lg ngerjain tes ngoding di upi net, kalo mo pake motornya boleh, tp motornya jauh bgt",Aman
ham,Karena saya lagi si surabaya sampai besok.. Hati kamis ke kantor gimana ?,Aman
ham,AndiPublisher.com#PO0216020925#96000#02-02-2016#BNI#Bank Mandiri,Aman
ham,Guys di bdg ada studi foto yg gini gaaak,Aman
ham,"Mau sekalian dibawain kacamata ga, nanti aku keluar jam 10",Aman
ham,Ternyata formatnya banyak berantakan dari odp ke google sheet. Saya sdg rapikan sambil buat soal. Besok subuh harap cek lagi ya.,Aman
ham,"Maaf jika ada janji yang belum terpenuhi, jika ada janji boleh mengingatkan saya.",Aman
ham,Biasanya mah stasiun teh sebelum lewatin rel nama1,Aman
ham,Kalian udh brp kali bimbingan? Ngomongin apa aja aku blm pernah,Aman
ham,Teh maaf kalau teteh sibuk gpp nanti bayar besok aja pas pengiriman,Aman
ham,Masih boleh ikutan gaaaa wkwkwkwk,Aman
ham,"Registrasi gagal. Harap masukan tanggal yang benar (01 - 31), dengan format DDMMYYYY",Aman
ham,Ada di bip yang studio fotonya gitu,Aman
ham,Kamu yah yang ngajakin mereka.,Aman
ham,"Jd misal nih ada murid sama guru, si guru ngasih ujian, nanti hasil jawaban ujian murid dibandingin sama jawaban dari guru (jawaban yg bener) trs outputnya berupa skor hasil ujian itu",Aman
ham,Aku ga ke upi sepertinya,Aman
ham,Setting telah dikirimkan ke ponsel Anda. Ikuti petunjuk yang diberikan untuk menyelesaikan setting internet dan kirim fot/MMS,Aman
ham,Masih yang dekat sungai dulu kok diil 😁,Aman
ham,Oh udah yah haha aku bingung jd gimana udh ketinggalan banyak chat,Aman
ham,"Selain itu saya punya ide untuk menggabungkan beberapa device HP sebagai sumber sensor, misal untuk deteksi longsor atau gempa ini terkait trend sekarang: iOT (internet of thing), silahkan bagi yg tertarik :)",Aman
ham,Pilihannya hemat 2 jt atau lulus oct kan nanggung,Aman
ham,Mau yang apa? Sunday atau apa? Terus rasa slainya apa?,Aman
ham,"untuk dwm soal klasifikasi, algoritma yang menjadi dasar adalah random forest dengan akurasi model kira2 0.8. Setelah menggunakan data test (data yg saya berikan kemarin di UAS untuk diprediksi), akurasi yg didapat adalah 0.75. Jika mhs mendapat akurasi 0.75 dia akan mendapat nilai maksimal (20point). Akurasi tertinggi 0.77 diperoleh oleh nama1",Aman
ham,"Bisa kurang dari 15rb ga Pak, sebelumnya kita pernah acara sama bebek komar sekitar iti 13.5rb awal tahun 2015",Aman
ham,Guys ada yg bermotor mau ngampus gak? Temenin ambil foto laaah (unbearable),Aman
ham,"Engga teh aku udh siap, mau brgkt ini. Aku td line teteh",Aman
ham,"cari yang seken, murah meriah kualiatasnya masih bagus kok",Aman
ham,Maafin ya guys gak hari ini huhuhu,Aman
ham,Teh jadi mau ketemuan,Aman
ham,"gatau tadi bapa nya keburu jumatan , pokonya suruh ngumpul dlu gt katanya",Aman
ham,Gpp kali beda beda sep,Aman
ham,Oiya ya nama1 ih knapa bsa begitu?sayang bgt tabungannya :(,Aman
ham,Cape sih tp da susah euy kalo udah pikiran gtu teh,Aman
ham,"Terus kalau ada yang nanya, kita masuknya suka pagi sampai siang kadang juga siang sampai sore. Gimana dari sananha.",Aman
ham,"Malem aja lah, jam 5 nanggung banget mw maghrib haha",Aman
ham,"Eh di kosan nama1 maksudnya, buat temen nama1 , buat september",Aman
ham,Ada belakang warkop deket indomaret gerum 500/bulan,Aman
ham,Gaaais dlm semenit aja aku jd nasabah btpn wkwk,Aman
ham,Jadi kitanya harus cari kesibukan jg ya? Biar ga mikirin cowo melulu,Aman
ham,bisa turun juga. Mencegah ikut remedial tapi tanpa persiapan dan asal-asalan menjawab.,Aman
ham,"Kalem, saya diantapani lagi ujian sama intan. Hher",Aman
ham,No bri atas nama kamu mana,Aman
ham,"Kan bapaknya ngomong2 ya, trs ditanya siapa itu, aku blg lg rame ma sibuk dikampus nanti yaa",Aman
ham,Engga tau sep ntr di kosan aku cek sepertinya tidak ada semalam aku liat,Aman
ham,"Jadi males banget PLA, asa ga pernah beres. Wkwk. Padahal dari pa rawosi ga bermasalah.",Aman
ham,"boleh install sendiri, nanti juga saya bawa installernya.",Aman
ham,Kalau agus atau sept blm bisa menjamin ada kalau sekarang ada yang kosong,Aman
ham,nama1 seharusnya cuman nambah table daftar_ulang_ird + kalau ada masternya. Yg lain kita samain aja ya pake yg aku data_pasien (2).sql,Aman
ham,"aamiin, makasih semuanya moga cepat lulus juga",Aman
ham,"Kalo pacaran jg harus cowonya yg lebih sayang guys, biar ga ngebatin",Aman
ham,"Iya teh, soalnya kenapa selasa, bapa hari rabu mau berangkat.",Aman
ham,"Pemakaian internet kamu sdh mencapai batasFUP,kecepatan akan disesuaikan.Lebih EKSIS dgnINTERNETGaul Bulanan Cuma Rp29,900! http://net.axisworld.co.id info838",Aman
ham,Untuk ayam bakar atau rica rica brp Pak?,Aman
ham,"Assalamualaikum akang teteh, jangan lupa ya hari ini ada carrier day jam 10:30, exhibition fpmipa b :) (love) Hayuu teh ditungguuu",Aman
ham,"Paling seikhlasnya aja, yg mau nyumbang mangga, yg ngga, mangga gt",Aman
ham,Ada internet min alamatnya dmn?,Aman
ham,Makasih semuanyaaa mohon doanya yaaa,Aman
ham,krn pulsa/limit tidak mencukupi. Dptkan informasi seputar kartu Tri di *123# atau via aplikasi BIMATRI,Aman
ham,Ga ada birthday nya ? Wkwk,Aman
ham,Iyaaaa ayyuuuukk biar kamu bisa reunian dg org sana fir,Aman
ham,Ceritanya biasa aja. Tp tetep bikin nangis,Aman
ham,Bole duaduanya pen hardcover dulu. Tp kalau perusahaan udh minta boleh ttd dulu,Aman
ham,"Selamatkan diri kalian guys, karna ""nikah bareng"" hanyalah kebaperan sesaat #NaonAriDyah",Aman
ham,tapi kuliahnya sekarang. SP sebenarnya tidak boleh untuk kuliah yg ada praktikum.,Aman
ham,"Tapi masukin aja dulu, soalnya aku data pasien dari sana.",Aman
ham,"Gatau nuy, suruh tunggu aja cenah belom diinvite2 sama apapa aku mah",Aman
ham,Besok saya ada rapat dinas.. Selasa aja ya...,Aman
ham,"semua udah masuk kok, cuma database sindo memang nggak real time.",Aman
ham,semoga cepat sembuh pak.,Aman
ham,"Yang ada waktu luang besok pada futsal ya jam 4 di sampoerna, s Jangan ngaret",Aman
ham,"assalamualaikum pak, mohon maaf saya mau tanya pak, apakah remedial dwm harus hadir di tempat pak? apa bisa online? mohon maaf sebelumnya",Aman
ham,Keknya pernah liat undangannya di prodi,Aman
ham,"itu masih pake data dummy, ntar gampang itu mh.",Aman
ham,"Yaudah gausah babakaran atuh, yg pake kompor aja. Lagian ribet kan nyalain arengnya",Aman
ham,"saya beri opsi untuk nabung nilai, jadi kontraknya semester depan dan nilai dimasukkan ke semester tsb.",Aman
ham,oke gais tp dsni udh redaan hujannya. dtggu ya,Aman
ham,Bu mau mastiin ketemu di jica kan Bu?,Aman
ham,Gaes gaes mau drakor gaes besok yawww,Aman
ham,Kalo kata raditya dika tuh cara pandang org ttg cinta akan berubah setelah mengalami patah hati terhebat. Haha,Aman
ham,Tapi daging kurban mentahnya udah ga ada :3,Aman
ham,Haha ayook kita bully adi ndut sama sama 😃😃,Aman
ham,"Permintaan Anda sedang diproses. Beberapa saat lagi Paket Internet anda akan di non-aktifkan, dan akan berlaku tariff dasar internet.",Aman
ham,Iya kalau ada yang kosong agus atau sept,Aman
ham,Bntr lg kan mau sholat mel. Nanti keluar upinet kasih tau ya. Males balik,Aman
ham,Selamat TCASH TAP Anda telah aktif dengan SN: 100011398478 tgl. 21/08/2016 12:36:10 Info *800#,Aman
ham,"Ngajak wida tuh, kan beliau habis seminar. Hihip",Aman
ham,Kang nama1 tuh baru menang 2 Milyar hahaha.. Kemakom berprestasi,Aman
ham,nama1 nmr kamu yg ini kan? ntr ayu sms kl udah dpn kosan yah,Aman
ham,Bsok ada kmpul euy.... Gmna ? Tpi gini aja. Vote aja yg bisa bsok sapa skrg sapa,Aman
ham,Aigoo banyak banget chatnyaa aku baru liat hape hehehe,Aman
ham,Waalaikumsalam. Jumat ya pukul 9.,Aman
ham,nama1 Cara bikin makalah yang daftar isinya langsung jadi gmana?,Aman
ham,nama1 helmkuuuu.:'(,Aman
ham,"aku delete aja ya, ntar nama1 pull dulu atau sync dulu, ntar masukin yang nama1 , baru push.",Aman
ham,Ada semua di panduan pla..dishare di grup ini dan fb,Aman
ham,Waktu itu malas sep hihi. Dilihat jd lebih rapih aja 😆👍,Aman
ham,[Info] bagi teman2 yg mengumpulkan data asisten lab/matakuliah bukti berupa surat keterangannya sudah bisa diambil ke pak andri,Aman
ham,Waaah keren kang,Aman
ham,Januari mah ambil 1x seminggu aja. Kan kita masuk seminggu sekali kalau januari.,Aman
ham,"Pake kamera nama1 2, kamera nama1 1, sama handy cam prodi 1",Aman
ham,2016/08/21 12:27:17 Anda telah terdaftar sebagai pelanggan TCASH full service. Tingkatkan saldo Anda dg isi saldo TCASH di merchant berlogo TCASH terdekat.,Aman
ham,"ya nggk jd masalh, toh model bisa diload dicontroler mana aja kan?",Aman
ham,kamu sibuk ngapain aja disana ?,Aman
ham,Kurang tau pasti sep periksa controllernya waktu instansiasi new tcpdf() aku lupa,Aman
ham,"Airnya asa kurang lancar, besok ku tanya papa yah,",Aman
ham,Pak mau pesen nasi goreng spesial 2 bungkus ke Graha desilla kmr 14.,Aman
ham,Cara panggil na localhost/SistemRumahSakit/gerbang/rawatdarurat,Aman
ham,"Kalo masih mau ke kep. Seribu mending ikut yang ini nih, tinggal duduk manis dari unpad du",Aman
ham,Tp belum pasti ya. Kalau ada temen mah mau. Soalnya ga ada halangan untuk hdr kyknya hihi,Aman
ham,Blm beres sep. Malah byk bug,Aman
ham,nama1 dah selesei blm machine learningnya ?,Aman
ham,Bimbingan lg nanti nama1 da,Aman
ham,"Aku ga enak euy bilang ke adiknya, adiknya pengen ke pvj nama1 :(",Aman
ham,tes toefl di balai bisa weekend ga?,Aman
ham,dikirim nya disatuin ?,Aman
ham,wah mantap(ok) btw nge-cc perihal sponsor jg ya osnnya.. semoga yg terbaik utk kemakom,Aman
ham,Bebas... Senin stuju.. Apa aja yg di kebapain selain program ?,Aman
ham,"nama1 gedung manunggal tridaya pucakti pusenkav teh 1,5 ternyata wkwk",Aman
ham,Pak saya pake yang 6.0 malah bingung pak,Aman
ham,"Yaudah sekarang mah eta harddisk di laptop maneh keluarin terus dijadiin harddisk external aja.. cari temen yang punya case nya.. entar datanya copy-in, paling maneh ngerjain di luar dulu aja ga di laptop itu",Aman
ham,kita lewat kolam renang? di gymnas atau gik,Aman
ham,Aku mah plg kerumah ketemu ayah mama cukup kok :'),Aman
ham,"Ayo nama1 semangat skripsian yaaah biar cpt lulus, kerja, dan cpt nikah wkwkwk",Aman
ham,Soalnya yang aku udah ditambahin,Aman
ham,"ya masuk aja, belum ada tugas/quiz kok. cuma perlu ngejar dikit. Materinya sekarang sudah sampai location aware app. pertemuan berikutnya masuk ke sensor.",Aman
ham,Rasa mau sidang bulan depaaan mel. Jahaaat pisaaan,Aman
ham,"minal aidzin walfaidin, mohon maaf lahir dan batin ya semua akang teteh.",Aman
ham,Kita kmpul yu sblum puasa :-) waktunya,Aman
ham,"Oh saya udh berangkat kayanya, ga ada koneksi..",Aman
ham,"koreksi saya kalau salah (bisi lupa) tapi bagus sih kalau anda mau coba-coba, nggak mubazir juga kok. Kalau mau dibalikin lagi ke CSV ya pake transformasi lagi.",Aman
ham,nama1 udah diperpus nama1.. yuk kesini tika tugu diperpus ya,Aman
ham,Kasih norek aja kesebelah. Siapa tau ada yg mau. Mereka jg punya hak untk udunan wkwk. Bilang bts waktu trfr. Kalau ada niat pasti segera kok.,Aman
ham,Oh pantesan tau gitu lgsg foto dipusatnya aja put,Aman
ham,"Assalamualaikum pak, mau nanya seputar mobcom sp, apakah harus ikut perkuliahan dari sekarang apa bisa ikut pas sp nanti aja pak? Trims",Aman
ham,Yg mau ngampus aku pengen titip bawain SKL aku di prodi😭,Aman
ham,Mau minta kirim foto2 selempang yg kita waktu itu dong. Makasihhh,Aman
ham,Terlepas dr pelaku2 nya. Ambil dr sisi guru nya. Menarik bgt.,Aman
ham,Yg sebelah warteg bahri apa sebrangnya? Yg 15,Aman
ham,Pak mau tanya kalau nilai remed lebih kecil itu diambil nilai nya yang remed atau tetap yang sebelum nya pak ?,Aman
ham,"Pak, MK yang nama1 kontrak Data Mining dgn kode IK566 bukan dwm, seperti yg bapak sampaikan dulu agar mengingatkan bapak ketika penginputan nilai, terimakasih.",Aman
ham,Gais kyknya bapa ga akan bls sms aku. Mau gmn? Tp bapa bls sms teh tia blg dia ada dikantor dan tia jg blg kita kekantor hari ini.,Aman
ham,Aku bawa daging yg dah direbus gapapa? Yg mentah tinggal tulang2an wkwk,Aman
ham,"Ada yg tdk bisa jam tertentu? Kemungkinan pagi jam 8, tapi nanti diumumkan.",Aman
ham,iya ke singapur make yang 1dolar tea gening wkwk,Aman
ham,Ada yg lain kok ikan tahu tempe,Aman
ham,"nama1, minta controller dan view nya aja.",Aman
ham,"Maaf, Keyword yang anda masukkan ke 234 salah. Info lanjut hub call center : 200",Aman
ham,"Iya nama1, terakhir di lab jarkom. Pas copy sql SIGIndo tea..",Aman
ham,atulah aku teh udh ngidam sate maranggi dr bulan puasa 󾌹 naha ka subang teu ngajakan ih,Aman
ham,"Hai akang-teteh, bagi kalian yang belum tau, merekalah calon Pemimpin KEMAKOM periode 2016-2017! yuk kita simak visi-misi mereka :)",Aman
ham,aku kira bukan besoook :'(,Aman
ham,"Untuk yg kontrak game prog (dan juga dwm): kita jadwalkan untuk ikut Gemastik. Ini kompetisi terbesar antar prodi ilkom/IF, dan kita punya peluang besar untuk bidang ini.",Aman
ham,nama1 mau pergi ga? Kalo engga aku mau ke kosan,Aman
ham,Aku mau bawa balon sm coklat min. Mau nitip?,Aman
ham,Edan edan nama1 semoga menjadi keluarga samawa,Aman
ham,*ngsih bunga ato coklat min,Aman
ham,Min lg dmn? Mo ngambil sertifikat yg kompas hihu,Aman
ham,Numpang berteduh wkwk. Aku tak punya tempat tujuan~,Aman
ham,"yahh masih lama ya, urgent ini wkwk",Aman
ham,nama1 mau hunting kosan bentar gmn? Kita mau ngerjain dmn kita?,Aman
ham,"Okayyy, nanti siang jam 1an hehe. Ga kemana-mana hari ini?",Aman
ham,"soal ada multiple choice ada essay. Yg weka masuk ke essay, tapi ada juga file yang dikumpulkan.",Aman
ham,"saya keluar kota sd jumat, senin tgl 12 pagi aja (jam 9), gabung sama gameprog.",Aman
ham,Dimulai dari angka 0,Aman
ham,"Pas dia ngomong gtu km langsung diem ya nuy, kikuk gtu pasti diomongin kek gtu",Aman
ham,Bisa bu...buka jam 11 bu,Aman
ham,Iya ih maksimalkan waktu sebulan ini wkwkwk pdhl aku aja yg mo pindah :(,Aman
ham,"besok jam berapaa? harus jadi ih, udah 2 kali skip 😂",Aman
ham,Mau naik gojek tapi ga ada driver kayanya :( padahal bawaan banyak :(,Aman
ham,Kalo ada daun pepaya mah bungkus daunnya pake pepaya put,Aman
ham,Kalo engga belakang aqila ada 600/bulan gatau masih apa engga deh,Aman
ham,wisudaan kan hari jumat,Aman
ham,Besok aku kasihin softfilenya gpp?,Aman
ham,"Ada teh dikpad, ini kontaknya ####",Aman
ham,Penggunaan terakhir anda adalah 35417.00 dan telah memenuhi pemakaian pulsa minimum. Masa aktif kartu anda diperpanjang selama 30 hari dan akan aktif sampai 04/10/2016,Aman
ham,Yah saya dikostan temen dil. Hihi,Aman
ham,"Saya menyimpulkan, kita debat diantara karena kita yg cupu ilmu nya, atau kemungkinan pertanggungjawaban pasca penelitian yg moal kepegang. Atau rasa sayang ortu di kampus yg pengen kita lulus cepat",Aman
ham,Mau nitip ga saya lagi di gerlong.,Aman
ham,Aku jg blm berangkt wkwk,Aman
ham,nama1;Graha Desila kmr 14 Lt.2;Aqua;20000(kembalian),Aman
ham,nama1 di kosan gaaa? Mau numpang dooong,Aman
ham,Januari pokoknya mau sama sapapun kemanapun harus liburan fix aamiin,Aman
ham,Kantin fip nama1 sendiri td mau ke perpus. Tp bntar lg kan sholat,Aman
ham,"Duh gusti disini ujan gede, semoga di riung gak bocor yah gais",Aman
ham,Gais kalo dri upi ke unisba pake angkot apa pulang pergi?,Aman
ham,Gak takut kok. Tp emang blm mau. Gatau sampe kapan kwkw,Aman
ham,"ooh iya klo controler, ku kira td modelnya.",Aman
ham,Ko gtu ya parah bgt masa jam kerja ngeroko. Biar dapet inspirasi meren ya,Aman
ham,Subuh jg abis maghrib itu teh ahaha,Aman
ham,"Terimakasih, saat ini Anda masih terdaftar sebagai pelanggan TCash.",Aman
ham,Mana duduk plg depan selalu kdg aku ga tau keadaan dblkg. Siapa yg hdr siapa yg engga. Wkwk,Aman
ham,"numpang promo yah, siapa tau ada yang berminat 😊 bisa liat di instagram nya",Aman
ham,Saya meminta maaf atas apa-apa yang telah saya perbuat. maaf dari lisan ini yang belum terjaga. maaf atas perilaku yang kurang baik. maaf atas segala kesalahan baik yang tersadari atau yang tidak saya sadari.,Aman
ham,Wid jgn plg sebelum ketemu aku. Aku brgkt jam 5 hehe,Aman
ham,Salam jepret karet gelang. Hihip,Aman
ham,Coba siapa yg lagi di prodi? Punten liatin jadwal sidang. Ada tulisan suruh kumpul jam brp gitu gak? Nuhun,Aman
ham,Jangan gitu kang.. Aku tersinggung.,Aman
ham,"Urang mah kayanya dah jumatan, tapi jam 2an. Mau ke pa lala dulu bentar.",Aman
ham,Saya brsik masih cuti bati ke kantor har rabu,Aman
ham,Matikan services spt antivirus dll.,Aman
ham,nama1 .. Saya masih di perjalanan.. Besok aja habis jumatan ketemu di kanto.. Web service nya juga sudah bisa di akses,Aman
ham,Itu namanya ap nur? Tokopedi bukalapak lumayan laa complete walopun kw sejenis,Aman
ham,Biasanya dia bukannya ke subang ya kalo weekend,Aman
ham,Aku di pt. DI,Aman
ham,"nya sore we atuh gi, kalo mau pagi / siang weekend nya",Aman
ham,Eta mah data dokter keseluruhan. Maksud urg teh kan si pasien teh aya meren di pariksa ku dokter saha.,Aman
ham,Oh oke Pak nanti saya lgsg kesana untuk kepastikan buka jam berapa? Ke bebek komar yg dekat dt bisa?,Aman
ham,Mungkin aa nya tau kl wajah nama1 bakal beda sendiri pas gaya ini (up),Aman
ham,Doakan aja ya bsok lancar paling cepet aku nyampe sana jam 9 malem,Aman
ham,Bagi yg tertarik lanjut ke gemastik 2016 ini tempat diskusinya : http://line.me/R/ti/g/xxxxx,Aman
ham,Terima kasih atas konfirmasinya. Orderan sedang kami proses.,Aman
ham,Ada perasaan nyesel gt sedikit. Waktu kuliah. Asa ga merhatin. Ga ngerangkul semua. Aku pribadi hmm,Aman
ham,Derr ya jangan wacana kaka bunda,Aman
ham,kamu kapan ke bandungg??,Aman
ham,Kita yg stay di pdg aja mah tinggal cuss aja kapan meet up nya,Aman
ham,"supaya kita bisa mulai cepat, tolong posisi duduknya diatur dari awal, diberi jarak satu kolom kosong selang seling.",Aman
ham,"Guys, aku ganti template nya.",Aman
ham,E& (gila) ada namakuuu. Kapan aku luluuus,Aman
ham,Iyalah makin malam makin mahal kek yg suka dijalanan,Aman
ham,Gajadi gadiabsen yg telatnya lebib dr 15 menit da kayanya,Aman
ham,Nanti aku push aja ya kuota modem lg hbs,Aman
ham,"Alhamdulillah, puji syukur atas nikmat Allah swt. yang telah memberikan nikmat hidup sampai detik ini sehingga saya masih bisa untuk mengevaluasi diri. Selama itu tentu saya menyadari banyak melakukan kekhilafan dan kesalahan.",Aman
ham,Jadi nanti barang yg dipilih nyesuain budget aja diantara 7 pilihan diatas~,Aman
ham,nama1 beaok bwrangkat pagi...mau cas atay tranfer?,Aman
ham,ku ada 300 ratus nih di tabungan~ di nama1 aku tabungan ada berapa nama1 ? cabut sekarang juga #ManaAda~ :(,Aman
ham,Gais bsk kke kantor ya nyerahin laporan aku udh dpt ttd paedi. Ini mau hard jilid. Jgn lupa ya source sama laporan di cd,Aman
ham,"maaaaaaaaf, aku lupaaa, hp aku baru nyala dadi pagi belum pulang ke kosan, maaf pisaaaan :(",Aman
ham,Nanti plg wisudaan aku lgsg ksana. Awas telat. Telat aku plg.,Aman
ham,Udah lama ga bimbingan 😂,Aman
ham,"Aku ada spagetti, tp usah kaldaluarsa belum yah",Aman
ham,Sep aku udh pull tp kenapa direpository git ga msk ke aku ya,Aman
ham,Sepupu ane baru masuk kuliah,Aman
ham,"beu atuh sekarang, sambil nunggu yg pulang ppl",Aman
ham,Setting ponsel akan segera dikirimkan. Masukkan PIN: 1111 jika diminta. Terimakasih,Aman
ham,nama1 kalau kelompok sistem pembelajaran bhs jepang itu siapa ajaa?,Aman
ham,Biar rapih aj mad. Ini controllernya msh digabung2 aku bikinnya perfungsi soalnya,Aman
ham,Enakaa ajaaa gw diantar cowok gw yaa bukan dijmput nama1,Aman
ham,Perusahaannya apa aja kalau boleh tau?,Aman
ham,"aku push yang updatenya, itu udah di template sama adminLTE.",Aman
ham,"Perginya naik kelapa turun di pasar bunga wastukencana, terus naik caringin-sadang serang atau jalan",Aman
ham,ok nanti saya lihat dengan kehadiran. Siapa lagi yg nyaris2 nilainya?,Aman
ham,"kalo aku sih pertabel nama1, mnyesuaikan kebutuhan :)",Aman
ham,"Naik kelapa ledeng turun di ciateul, sebelum terminal bgt. Terus naik kalapa dayeuh kolot turun di depan kantor bgt.",Aman
ham,"Maaf, pulsa Anda tidak cukup untuk melakukan pembelian paket Flash yang dipilih. Silahkan isi ulang pulsa Anda.",Aman
ham,"Itu teh sebenernya krna terlalu sakit sma orang itu nuy, padahal kalo udah nemu orang baru mah pasti rasanya beda",Aman
ham,Buat yg mahasiswa baru,Aman
ham,Gais laporan 40 itu di bimbingan pembimbing lapangan?,Aman
ham,"Sudah pak di email, saya cantumkan direct link juga diemail kalo misalkan file google drive tidak bisa di download",Aman
ham,Jadinya aku ambil bulanan sampe desember. Tapi sekamar berdua sama sodara aku,Aman
ham,Mohon maaf pak semalam saya Sudah konfirmasi tidak ikut remedial. Tapi di nilainya kenapa ikut remedial,Aman
ham,Food Teh maksudnya bukan beras kan kang?,Aman
ham,"Segan baa lo ko wqwq hai di, gila kurus banget skrg diii",Aman
ham,Di kfc yg deket enhaii ada dy,Aman
ham,Aku teh cuma bawa celana jeans yg tua tp jilbabnya yg muda -_-,Aman
ham,Assalamualaikum. Ada yg tau kalo file buat penilaian ada di mana? Apa ada di fb?,Aman
ham,"Pesanan #342877938 - mohon transfer Rp.59,755 ke BNI Account #### sebelum 24 Jun, 2016. Mohon periksa email anda untuk info lebih lanjut.",Aman
ham,Mba mau kirim 300 ya,Aman
ham,Kan dia masih gatau ngeditnya kek gmn haha,Aman
ham,2016/08/21 12:27:32 PIN baru TCash anda adalah 605598. Silahkan menggunakan PIN baru anda untuk menikmati layanan TCash Telkomsel,Aman
ham,Waalaikumsalamin apa yg dpt saya bantu min?,Aman
ham,"nama1 saya ke kosan yah, mau nanya2 jg soal laporan.. boleh ga?",Aman
ham,"Aku merasa geleh sendiiri ini lipstik aku merah sekali wkkw, mana dapet dikasih ini jg",Aman
ham,TOPUP pulsa Rp50000 berhasil via transfer ATM BNI kode trx 01123190427523627. Pulsa anda saat ini Rp 54205. Terima kasih telah menggunakan INDOSAT OOREDOO,Aman
ham,Da sebenernya makan sama indomie ge cukup aku mah 😂,Aman
ham,"Saya sedang nunggu beliau pak,beliau sdg ngobrol dgn client",Aman
ham,Besok mau ke kampus lagi ga?,Aman
ham,"Di folder sql, aya sql rawatdaruat.sql tinggal sesuain sama yang maneh we. Cobaan k ente jalanken. Di urg mh teu jalan ngan load view mh bisa. Error di database. Soalna lieur gabungken database na.",Aman
ham,Ke kantor siang aja..,Aman
ham,"Tiga kali juga dil, april, juli, sama okt",Aman
ham,bntr lagi pulang,Aman
ham,Aku dy wkwk makanya kurang direstui jg krna kejauhan,Aman
ham,"Jam 12 wid, nanti berangkat jam 10",Aman
ham,Load controller bisa di construct mad? Kmren aku coba ga bs terpaksa di dlm fungsi,Aman
ham,"da gapapa public juga, asal jangan ada yang dimasukin.",Aman
ham,"Gais kata aku kita ngantor tgl 4 sekalian bawa form penilaian, daftar hadir, form bimbingan. Sekalulian foto.",Aman
ham,Gais kalau ada chat2 sebelumnya tolong dibaca dan dipahami biar ga ulg2 😂😂,Aman
ham,Dmana aja kang boleh hehe,Aman
ham,Dilantai 2 ya tepat diruang skripsi,Aman
ham,"nama1, ntar bilang aja ke kaka kamu, pas instal ulang gagal ngeformat C nya, ada error tpi semua data di C nya udah keformat. Pas mau nyoba instal windows nya, muncul error yg sama, error code 0x80070057. Kemungkinan ada yg rusak di harddisk nya.",Aman
ham,"Selamat siang, mau reservasi bandros perorangan apakah bisa?",Aman
ham,😁 sebelumnya ga ad nulis kerudung. Kirain warna jins,Aman
ham,Kan ini karna bulan baru qaqa 😂 bisa ngomong gituch,Aman
ham,"sama sama pak,ooh itu report sendiri ko pak yang bumiputera, saya ngedit yang nomer 16 nya pak, jadi saya post lagi 😁",Aman
ham,Belum de.. Saya kagi nyoba ngejar..,Aman
ham,Iya kar lg dikosan nih. Numpang ap?,Aman
ham,pulang nya jam 8 (kecewa),Aman
ham,nama table table pasien_irj dan gnti data_pasien. lupa,Aman
ham,Makasih gais doakan kami yg masih berjuang ya 💪,Aman
ham,"Info Gempa Mag:5.3 SR, 21-Jun-16 21:10:23 WIB, Lok:2.21 LS,99.33 BT (98 km Tenggara KEP-MENTAWAI-SUMBAR), Kedlmn:34 Km ::BMKG",Aman
ham,"Rumah aku Gais, lewat pager garasi, karna pager orangnya ditutupi rumput liar hehehehe",Aman
ham,Aku besok dtg agak telat jam 8 boleh ngga? Kan jam 10 ya mulainya?,Aman
ham,Kalo nonton hr ini mahal yah? Week end,Aman
ham,Dr ciateul terus masa kekalapa lg (frown),Aman
ham,Aamiin. Makasih semuanya..semoga teman2 cepat nyusul dan semoga segala urusannya diberikan kelancaran oleh Allah.aamiin,Aman
ham,"Selamatkan diri kalian guys, karna ""lulus bareng"" hanyalah kata hiburan semata",Aman
ham,"Eh iyaa gais kadonya udah aku kasih yaa, kata nama1 makasihh sama maaf kalau ada salah. Minggu ini udah mau ke samarinda",Aman
ham,Tp aku masih lucu ngebayangin kalian pacaran teh hahahaha,Aman
ham,"Silahkan klo pd mau besok gpp, saya nyusul aja paling laporan ke bapaknya. Udh ngehubungin bapak jg.",Aman
ham,"Mudah2an ya dil, besok mau coba ke telkom lg, doain yah (tear)",Aman
ham,Iya ya ratarata programmer gt hirenya udh pake csps gt gt,Aman
ham,Eh tp jam 5 pas dong jgn malem hbs mgrib. Aku takut plg wk,Aman
ham,"Dari pt gagas, pt ixindo, pt bima data pratama, sma sukarnohatta, sma purwakarta, smk pgi, sma swamedia kang",Aman
ham,"Yg dian ge waktu itu yudisium akhirnya sore2, ga dibarengin sama nondik sampe jam 6kurang keluar yudisium teh",Aman
ham,Yg ragu sm bulet/datar atau yg pgn ikutan debat kusir :v,Aman
ham,"Semangat yang ibu gita, ibu putri dan bapak adison esok hari. Semoga diberikan yang terbaik. Aamiin",Aman
ham,"nama1, minta database kamu sama view dan controller yang ada js buat dropdown kotanya.",Aman
ham,Silahkan tebak umurnya~,Aman
